Camilo Diaz;14521488;camid@gmail.com
Camilo Diaz;14521489;camid@gmail.com
Camilo Diaz;14521490;camid@gmail.com
Camilo Diaz;14521491;camid@gmail.com
Camilo Diaz;14521492;camid@gmail.com
Camilo Diaz;14521493;camid@gmail.com
Camilo Diaz;14521494;camid@gmail.com
Camilo Diaz;14521495;camid@gmail.com
Camilo Diaz;14521496;camid@gmail.com
Camilo Diaz;14521497;camid@gmail.com
Camilo Diaz;14521498;camid@gmail.com
Camilo Diaz;14521499;camid@gmail.com
Camilo Diaz;14521500;camid@gmail.com
Camilo Diaz;14521501;camid@gmail.com
Camilo Diaz;14521502;camid@gmail.com
Camilo Diaz;14521503;camid@gmail.com
Camilo Diaz;14521504;camid@gmail.com
Camilo Diaz;14521505;camid@gmail.com
Camilo Diaz;14521506;camid@gmail.com
Camilo Diaz;14521507;camid@gmail.com
Camilo Diaz;14521508;camid@gmail.com
Camilo Diaz;14521509;camid@gmail.com
Camilo Diaz;14521510;camid@gmail.com
Camilo Diaz;14521511;camid@gmail.com
Camilo Diaz;14521512;camid@gmail.com
Camilo Diaz;14521513;camid@gmail.com
Camilo Diaz;14521514;camid@gmail.com
Camilo Diaz;14521515;camid@gmail.com
Camilo Diaz;14521516;camid@gmail.com
Camilo Diaz;14521517;camid@gmail.com
Camilo Diaz;14521518;camid@gmail.com
Camilo Diaz;14521519;camid@gmail.com
Camilo Diaz;14521520;camid@gmail.com
Camilo Diaz;14521521;camid@gmail.com
Camilo Diaz;14521522;camid@gmail.com
Camilo Diaz;14521523;camid@gmail.com
Camilo Diaz;14521524;camid@gmail.com
Camilo Diaz;14521525;camid@gmail.com
Camilo Diaz;14521526;camid@gmail.com
Camilo Diaz;14521527;camid@gmail.com
Camilo Diaz;14521528;camid@gmail.com
Camilo Diaz;14521529;camid@gmail.com
Camilo Diaz;14521530;camid@gmail.com
Camilo Diaz;14521531;camid@gmail.com
Camilo Diaz;14521532;camid@gmail.com
Camilo Diaz;14521533;camid@gmail.com
Camilo Diaz;14521534;camid@gmail.com
Camilo Diaz;14521535;camid@gmail.com
Camilo Diaz;14521536;camid@gmail.com
Camilo Diaz;14521537;camid@gmail.com
Camilo Diaz;14521538;camid@gmail.com
Camilo Diaz;14521539;camid@gmail.com
Camilo Diaz;14521540;camid@gmail.com
Camilo Diaz;14521541;camid@gmail.com
Camilo Diaz;14521542;camid@gmail.com
Camilo Diaz;14521543;camid@gmail.com
Camilo Diaz;14521544;camid@gmail.com
Camilo Diaz;14521545;camid@gmail.com
Camilo Diaz;14521546;camid@gmail.com
Camilo Diaz;14521547;camid@gmail.com
Camilo Diaz;14521548;camid@gmail.com
Camilo Diaz;14521549;camid@gmail.com
Camilo Diaz;14521550;camid@gmail.com
Camilo Diaz;14521551;camid@gmail.com
Camilo Diaz;14521552;camid@gmail.com
Camilo Diaz;14521553;camid@gmail.com
Camilo Diaz;14521554;camid@gmail.com
Camilo Diaz;14521555;camid@gmail.com
Camilo Diaz;14521556;camid@gmail.com
Camilo Diaz;14521557;camid@gmail.com
Camilo Diaz;14521558;camid@gmail.com
Camilo Diaz;14521559;camid@gmail.com
Camilo Diaz;14521560;camid@gmail.com
Camilo Diaz;14521561;camid@gmail.com
Camilo Diaz;14521562;camid@gmail.com
Camilo Diaz;14521563;camid@gmail.com
Camilo Diaz;14521564;camid@gmail.com
Camilo Diaz;14521565;camid@gmail.com
Camilo Diaz;14521566;camid@gmail.com
Camilo Diaz;14521567;camid@gmail.com
Camilo Diaz;14521568;camid@gmail.com
Camilo Diaz;14521569;camid@gmail.com
Camilo Diaz;14521570;camid@gmail.com
Camilo Diaz;14521571;camid@gmail.com
Camilo Diaz;14521572;camid@gmail.com
Camilo Diaz;14521573;camid@gmail.com
Camilo Diaz;14521574;camid@gmail.com
Camilo Diaz;14521575;camid@gmail.com
Camilo Diaz;14521576;camid@gmail.com
Camilo Diaz;14521577;camid@gmail.com
Camilo Diaz;14521578;camid@gmail.com
Camilo Diaz;14521579;camid@gmail.com
Camilo Diaz;14521580;camid@gmail.com
Camilo Diaz;14521581;camid@gmail.com
Camilo Diaz;14521582;camid@gmail.com
Camilo Diaz;14521583;camid@gmail.com
Camilo Diaz;14521584;camid@gmail.com
Camilo Diaz;14521585;camid@gmail.com
Camilo Diaz;14521586;camid@gmail.com
Camilo Diaz;14521587;camid@gmail.com
Camilo Diaz;14521588;camid@gmail.com
Camilo Diaz;14521589;camid@gmail.com
Camilo Diaz;14521590;camid@gmail.com
Camilo Diaz;14521591;camid@gmail.com
Camilo Diaz;14521592;camid@gmail.com
Camilo Diaz;14521593;camid@gmail.com
Camilo Diaz;14521594;camid@gmail.com
Camilo Diaz;14521595;camid@gmail.com
Camilo Diaz;14521596;camid@gmail.com
Camilo Diaz;14521597;camid@gmail.com
Camilo Diaz;14521598;camid@gmail.com
Camilo Diaz;14521599;camid@gmail.com
Camilo Diaz;14521600;camid@gmail.com
Camilo Diaz;14521601;camid@gmail.com
Camilo Diaz;14521602;camid@gmail.com
Camilo Diaz;14521603;camid@gmail.com
Camilo Diaz;14521604;camid@gmail.com
Camilo Diaz;14521605;camid@gmail.com
Camilo Diaz;14521606;camid@gmail.com
Camilo Diaz;14521607;camid@gmail.com
Camilo Diaz;14521608;camid@gmail.com
Camilo Diaz;14521609;camid@gmail.com
Camilo Diaz;14521610;camid@gmail.com
Camilo Diaz;14521611;camid@gmail.com
Camilo Diaz;14521612;camid@gmail.com
Camilo Diaz;14521613;camid@gmail.com
Camilo Diaz;14521614;camid@gmail.com
Camilo Diaz;14521615;camid@gmail.com
Camilo Diaz;14521616;camid@gmail.com
Camilo Diaz;14521617;camid@gmail.com
Camilo Diaz;14521618;camid@gmail.com
Camilo Diaz;14521619;camid@gmail.com
Camilo Diaz;14521620;camid@gmail.com
Camilo Diaz;14521621;camid@gmail.com
Camilo Diaz;14521622;camid@gmail.com
Camilo Diaz;14521623;camid@gmail.com
Camilo Diaz;14521624;camid@gmail.com
Camilo Diaz;14521625;camid@gmail.com
Camilo Diaz;14521626;camid@gmail.com
Camilo Diaz;14521627;camid@gmail.com
Camilo Diaz;14521628;camid@gmail.com
Camilo Diaz;14521629;camid@gmail.com
Camilo Diaz;14521630;camid@gmail.com
Camilo Diaz;14521631;camid@gmail.com
Camilo Diaz;14521632;camid@gmail.com
Camilo Diaz;14521633;camid@gmail.com
Camilo Diaz;14521634;camid@gmail.com
Camilo Diaz;14521635;camid@gmail.com
Camilo Diaz;14521636;camid@gmail.com
Camilo Diaz;14521637;camid@gmail.com
Camilo Diaz;14521638;camid@gmail.com
Camilo Diaz;14521639;camid@gmail.com
Camilo Diaz;14521640;camid@gmail.com
Camilo Diaz;14521641;camid@gmail.com
Camilo Diaz;14521642;camid@gmail.com
Camilo Diaz;14521643;camid@gmail.com
Camilo Diaz;14521644;camid@gmail.com
Camilo Diaz;14521645;camid@gmail.com
Camilo Diaz;14521646;camid@gmail.com
Camilo Diaz;14521647;camid@gmail.com
Camilo Diaz;14521648;camid@gmail.com
Camilo Diaz;14521649;camid@gmail.com
Camilo Diaz;14521650;camid@gmail.com
Camilo Diaz;14521651;camid@gmail.com
Camilo Diaz;14521652;camid@gmail.com
Camilo Diaz;14521653;camid@gmail.com
Camilo Diaz;14521654;camid@gmail.com
Camilo Diaz;14521655;camid@gmail.com
Camilo Diaz;14521656;camid@gmail.com
Camilo Diaz;14521657;camid@gmail.com
Camilo Diaz;14521658;camid@gmail.com
Camilo Diaz;14521659;camid@gmail.com
Camilo Diaz;14521660;camid@gmail.com
Camilo Diaz;14521661;camid@gmail.com
Camilo Diaz;14521662;camid@gmail.com
Camilo Diaz;14521663;camid@gmail.com
Camilo Diaz;14521664;camid@gmail.com
Camilo Diaz;14521665;camid@gmail.com
Camilo Diaz;14521666;camid@gmail.com
Camilo Diaz;14521667;camid@gmail.com
Camilo Diaz;14521668;camid@gmail.com
Camilo Diaz;14521669;camid@gmail.com
Camilo Diaz;14521670;camid@gmail.com
Camilo Diaz;14521671;camid@gmail.com
Camilo Diaz;14521672;camid@gmail.com
Camilo Diaz;14521673;camid@gmail.com
Camilo Diaz;14521674;camid@gmail.com
Camilo Diaz;14521675;camid@gmail.com
Camilo Diaz;14521676;camid@gmail.com
Camilo Diaz;14521677;camid@gmail.com
Camilo Diaz;14521678;camid@gmail.com
Camilo Diaz;14521679;camid@gmail.com
Camilo Diaz;14521680;camid@gmail.com
Camilo Diaz;14521681;camid@gmail.com
Camilo Diaz;14521682;camid@gmail.com
Camilo Diaz;14521683;camid@gmail.com
Camilo Diaz;14521684;camid@gmail.com
Camilo Diaz;14521685;camid@gmail.com
Camilo Diaz;14521686;camid@gmail.com
Camilo Diaz;14521687;camid@gmail.com
Camilo Diaz;14521688;camid@gmail.com
Camilo Diaz;14521689;camid@gmail.com
Camilo Diaz;14521690;camid@gmail.com
Camilo Diaz;14521691;camid@gmail.com
Camilo Diaz;14521692;camid@gmail.com
Camilo Diaz;14521693;camid@gmail.com
