sony;calle 123;55666;maria roa;;
sony;calle 124;55667;maria roa;;
sony;calle 125;55668;maria roa;;
sony;calle 126;55669;maria roa;;
sony;calle 127;55670;maria roa;;
sony;calle 128;55671;maria roa;;
sony;calle 129;55672;maria roa;;
sony;calle 130;55673;maria roa;;
sony;calle 131;55674;maria roa;;
sony;calle 132;55675;maria roa;;
sony;calle 133;55676;maria roa;;
sony;calle 134;55677;maria roa;;
sony;calle 135;55678;maria roa;;
sony;calle 136;55679;maria roa;;
sony;calle 137;55680;maria roa;;
sony;calle 138;55681;maria roa;;
sony;calle 139;55682;maria roa;;
sony;calle 140;55683;maria roa;;
sony;calle 141;55684;maria roa;;
sony;calle 142;55685;maria roa;;
sony;calle 143;55686;maria roa;;
sony;calle 144;55687;maria roa;;
sony;calle 145;55688;maria roa;;
sony;calle 146;55689;maria roa;;
sony;calle 147;55690;maria roa;;
sony;calle 148;55691;maria roa;;
sony;calle 149;55692;maria roa;;
sony;calle 150;55693;maria roa;;
sony;calle 151;55694;maria roa;;
sony;calle 152;55695;maria roa;;
sony;calle 153;55696;maria roa;;
sony;calle 154;55697;maria roa;;
sony;calle 155;55698;maria roa;;
sony;calle 156;55699;maria roa;;
sony;calle 157;55700;maria roa;;
sony;calle 158;55701;maria roa;;
sony;calle 159;55702;maria roa;;
sony;calle 160;55703;maria roa;;
sony;calle 161;55704;maria roa;;
sony;calle 162;55705;maria roa;;
sony;calle 163;55706;maria roa;;
sony;calle 164;55707;maria roa;;
sony;calle 165;55708;maria roa;;
sony;calle 166;55709;maria roa;;
sony;calle 167;55710;maria roa;;
sony;calle 168;55711;maria roa;;
sony;calle 169;55712;maria roa;;
sony;calle 170;55713;maria roa;;
sony;calle 171;55714;maria roa;;
sony;calle 172;55715;maria roa;;
sony;calle 173;55716;maria roa;;
sony;calle 174;55717;maria roa;;
sony;calle 175;55718;maria roa;;
sony;calle 176;55719;maria roa;;
sony;calle 177;55720;maria roa;;
sony;calle 178;55721;maria roa;;
sony;calle 179;55722;maria roa;;
sony;calle 180;55723;maria roa;;
sony;calle 181;55724;maria roa;;
sony;calle 182;55725;maria roa;;
sony;calle 183;55726;maria roa;;
sony;calle 184;55727;maria roa;;
sony;calle 185;55728;maria roa;;
sony;calle 186;55729;maria roa;;
sony;calle 187;55730;maria roa;;
sony;calle 188;55731;maria roa;;
sony;calle 189;55732;maria roa;;
sony;calle 190;55733;maria roa;;
sony;calle 191;55734;maria roa;;
sony;calle 192;55735;maria roa;;
sony;calle 193;55736;maria roa;;
sony;calle 194;55737;maria roa;;
sony;calle 195;55738;maria roa;;
sony;calle 196;55739;maria roa;;
sony;calle 197;55740;maria roa;;
sony;calle 198;55741;maria roa;;
sony;calle 199;55742;maria roa;;
sony;calle 200;55743;maria roa;;
sony;calle 201;55744;maria roa;;
sony;calle 202;55745;maria roa;;
sony;calle 203;55746;maria roa;;
sony;calle 204;55747;maria roa;;
sony;calle 205;55748;maria roa;;
sony;calle 206;55749;maria roa;;
sony;calle 207;55750;maria roa;;
sony;calle 208;55751;maria roa;;
sony;calle 209;55752;maria roa;;
sony;calle 210;55753;maria roa;;
sony;calle 211;55754;maria roa;;
sony;calle 212;55755;maria roa;;
sony;calle 213;55756;maria roa;;
sony;calle 214;55757;maria roa;;
sony;calle 215;55758;maria roa;;
sony;calle 216;55759;maria roa;;
sony;calle 217;55760;maria roa;;
sony;calle 218;55761;maria roa;;
sony;calle 219;55762;maria roa;;
sony;calle 220;55763;maria roa;;
sony;calle 221;55764;maria roa;;
sony;calle 222;55765;maria roa;;
sony;calle 223;55766;maria roa;;
sony;calle 224;55767;maria roa;;
sony;calle 225;55768;maria roa;;
sony;calle 226;55769;maria roa;;
sony;calle 227;55770;maria roa;;
sony;calle 228;55771;maria roa;;
sony;calle 229;55772;maria roa;;
sony;calle 230;55773;maria roa;;
sony;calle 231;55774;maria roa;;
sony;calle 232;55775;maria roa;;
sony;calle 233;55776;maria roa;;
sony;calle 234;55777;maria roa;;
sony;calle 235;55778;maria roa;;
sony;calle 236;55779;maria roa;;
sony;calle 237;55780;maria roa;;
sony;calle 238;55781;maria roa;;
sony;calle 239;55782;maria roa;;
sony;calle 240;55783;maria roa;;
sony;calle 241;55784;maria roa;;
sony;calle 242;55785;maria roa;;
sony;calle 243;55786;maria roa;;
sony;calle 244;55787;maria roa;;
sony;calle 245;55788;maria roa;;
sony;calle 246;55789;maria roa;;
sony;calle 247;55790;maria roa;;
sony;calle 248;55791;maria roa;;
sony;calle 249;55792;maria roa;;
sony;calle 250;55793;maria roa;;
sony;calle 251;55794;maria roa;;
sony;calle 252;55795;maria roa;;
sony;calle 253;55796;maria roa;;
sony;calle 254;55797;maria roa;;
sony;calle 255;55798;maria roa;;
sony;calle 256;55799;maria roa;;
sony;calle 257;55800;maria roa;;
sony;calle 258;55801;maria roa;;
sony;calle 259;55802;maria roa;;
sony;calle 260;55803;maria roa;;
sony;calle 261;55804;maria roa;;
sony;calle 262;55805;maria roa;;
sony;calle 263;55806;maria roa;;
sony;calle 264;55807;maria roa;;
sony;calle 265;55808;maria roa;;
sony;calle 266;55809;maria roa;;
sony;calle 267;55810;maria roa;;
sony;calle 268;55811;maria roa;;
sony;calle 269;55812;maria roa;;
sony;calle 270;55813;maria roa;;
sony;calle 271;55814;maria roa;;
sony;calle 272;55815;maria roa;;
sony;calle 273;55816;maria roa;;
sony;calle 274;55817;maria roa;;
sony;calle 275;55818;maria roa;;
sony;calle 276;55819;maria roa;;
sony;calle 277;55820;maria roa;;
sony;calle 278;55821;maria roa;;
sony;calle 279;55822;maria roa;;
sony;calle 280;55823;maria roa;;
sony;calle 281;55824;maria roa;;
sony;calle 282;55825;maria roa;;
sony;calle 283;55826;maria roa;;
sony;calle 284;55827;maria roa;;
sony;calle 285;55828;maria roa;;
sony;calle 286;55829;maria roa;;
sony;calle 287;55830;maria roa;;
sony;calle 288;55831;maria roa;;
sony;calle 289;55832;maria roa;;
sony;calle 290;55833;maria roa;;
sony;calle 291;55834;maria roa;;
sony;calle 292;55835;maria roa;;
sony;calle 293;55836;maria roa;;
sony;calle 294;55837;maria roa;;
sony;calle 295;55838;maria roa;;
sony;calle 296;55839;maria roa;;
sony;calle 297;55840;maria roa;;
sony;calle 298;55841;maria roa;;
sony;calle 299;55842;maria roa;;
sony;calle 300;55843;maria roa;;
sony;calle 301;55844;maria roa;;
sony;calle 302;55845;maria roa;;
sony;calle 303;55846;maria roa;;
sony;calle 304;55847;maria roa;;
sony;calle 305;55848;maria roa;;
sony;calle 306;55849;maria roa;;
sony;calle 307;55850;maria roa;;
sony;calle 308;55851;maria roa;;
sony;calle 309;55852;maria roa;;
sony;calle 310;55853;maria roa;;
sony;calle 311;55854;maria roa;;
sony;calle 312;55855;maria roa;;
sony;calle 313;55856;maria roa;;
sony;calle 314;55857;maria roa;;
sony;calle 315;55858;maria roa;;
sony;calle 316;55859;maria roa;;
sony;calle 317;55860;maria roa;;
sony;calle 318;55861;maria roa;;
sony;calle 319;55862;maria roa;;
sony;calle 320;55863;maria roa;;
sony;calle 321;55864;maria roa;;
sony;calle 322;55865;maria roa;;
sony;calle 323;55866;maria roa;;
sony;calle 324;55867;maria roa;;
sony;calle 325;55868;maria roa;;
sony;calle 326;55869;maria roa;;
sony;calle 327;55870;maria roa;;
sony;calle 328;55871;maria roa;;
sony;calle 329;55872;maria roa;;
sony;calle 330;55873;maria roa;;
sony;calle 331;55874;maria roa;;
sony;calle 332;55875;maria roa;;
sony;calle 333;55876;maria roa;;
sony;calle 334;55877;maria roa;;
sony;calle 335;55878;maria roa;;
sony;calle 336;55879;maria roa;;
sony;calle 337;55880;maria roa;;
sony;calle 338;55881;maria roa;;
sony;calle 339;55882;maria roa;;
sony;calle 340;55883;maria roa;;
sony;calle 341;55884;maria roa;;
sony;calle 342;55885;maria roa;;
sony;calle 343;55886;maria roa;;
sony;calle 344;55887;maria roa;;
sony;calle 345;55888;maria roa;;
sony;calle 346;55889;maria roa;;
sony;calle 347;55890;maria roa;;
sony;calle 348;55891;maria roa;;
sony;calle 349;55892;maria roa;;
sony;calle 350;55893;maria roa;;
sony;calle 351;55894;maria roa;;
sony;calle 352;55895;maria roa;;
sony;calle 353;55896;maria roa;;
sony;calle 354;55897;maria roa;;
sony;calle 355;55898;maria roa;;
sony;calle 356;55899;maria roa;;
sony;calle 357;55900;maria roa;;
sony;calle 358;55901;maria roa;;
sony;calle 359;55902;maria roa;;
sony;calle 360;55903;maria roa;;
sony;calle 361;55904;maria roa;;
sony;calle 362;55905;maria roa;;
sony;calle 363;55906;maria roa;;
sony;calle 364;55907;maria roa;;
sony;calle 365;55908;maria roa;;
sony;calle 366;55909;maria roa;;
sony;calle 367;55910;maria roa;;
sony;calle 368;55911;maria roa;;
sony;calle 369;55912;maria roa;;
sony;calle 370;55913;maria roa;;
sony;calle 371;55914;maria roa;;
sony;calle 372;55915;maria roa;;
sony;calle 373;55916;maria roa;;
sony;calle 374;55917;maria roa;;
sony;calle 375;55918;maria roa;;
sony;calle 376;55919;maria roa;;
sony;calle 377;55920;maria roa;;
sony;calle 378;55921;maria roa;;
sony;calle 379;55922;maria roa;;
sony;calle 380;55923;maria roa;;
sony;calle 381;55924;maria roa;;
sony;calle 382;55925;maria roa;;
sony;calle 383;55926;maria roa;;
sony;calle 384;55927;maria roa;;
sony;calle 385;55928;maria roa;;
sony;calle 386;55929;maria roa;;
sony;calle 387;55930;maria roa;;
sony;calle 388;55931;maria roa;;
sony;calle 389;55932;maria roa;;
sony;calle 390;55933;maria roa;;
sony;calle 391;55934;maria roa;;
sony;calle 392;55935;maria roa;;
sony;calle 393;55936;maria roa;;
sony;calle 394;55937;maria roa;;
sony;calle 395;55938;maria roa;;
sony;calle 396;55939;maria roa;;
sony;calle 397;55940;maria roa;;
sony;calle 398;55941;maria roa;;
sony;calle 399;55942;maria roa;;
sony;calle 400;55943;maria roa;;
sony;calle 401;55944;maria roa;;
sony;calle 402;55945;maria roa;;
sony;calle 403;55946;maria roa;;
sony;calle 404;55947;maria roa;;
sony;calle 405;55948;maria roa;;
sony;calle 406;55949;maria roa;;
sony;calle 407;55950;maria roa;;
sony;calle 408;55951;maria roa;;
sony;calle 409;55952;maria roa;;
sony;calle 410;55953;maria roa;;
sony;calle 411;55954;maria roa;;
sony;calle 412;55955;maria roa;;
sony;calle 413;55956;maria roa;;
sony;calle 414;55957;maria roa;;
sony;calle 415;55958;maria roa;;
sony;calle 416;55959;maria roa;;
sony;calle 417;55960;maria roa;;
sony;calle 418;55961;maria roa;;
sony;calle 419;55962;maria roa;;
sony;calle 420;55963;maria roa;;
sony;calle 421;55964;maria roa;;
sony;calle 422;55965;maria roa;;
sony;calle 423;55966;maria roa;;
sony;calle 424;55967;maria roa;;
sony;calle 425;55968;maria roa;;
sony;calle 426;55969;maria roa;;
sony;calle 427;55970;maria roa;;
sony;calle 428;55971;maria roa;;
sony;calle 429;55972;maria roa;;
sony;calle 430;55973;maria roa;;
sony;calle 431;55974;maria roa;;
sony;calle 432;55975;maria roa;;
sony;calle 433;55976;maria roa;;
sony;calle 434;55977;maria roa;;
sony;calle 435;55978;maria roa;;
sony;calle 436;55979;maria roa;;
sony;calle 437;55980;maria roa;;
sony;calle 438;55981;maria roa;;
sony;calle 439;55982;maria roa;;
sony;calle 440;55983;maria roa;;
sony;calle 441;55984;maria roa;;
sony;calle 442;55985;maria roa;;
sony;calle 443;55986;maria roa;;
sony;calle 444;55987;maria roa;;
sony;calle 445;55988;maria roa;;
sony;calle 446;55989;maria roa;;
sony;calle 447;55990;maria roa;;
sony;calle 448;55991;maria roa;;
sony;calle 449;55992;maria roa;;
sony;calle 450;55993;maria roa;;
sony;calle 451;55994;maria roa;;
sony;calle 452;55995;maria roa;;
sony;calle 453;55996;maria roa;;
sony;calle 454;55997;maria roa;;
sony;calle 455;55998;maria roa;;
sony;calle 456;55999;maria roa;;
sony;calle 457;56000;maria roa;;
sony;calle 458;56001;maria roa;;
sony;calle 459;56002;maria roa;;
sony;calle 460;56003;maria roa;;
sony;calle 461;56004;maria roa;;
sony;calle 462;56005;maria roa;;
sony;calle 463;56006;maria roa;;
sony;calle 464;56007;maria roa;;
sony;calle 465;56008;maria roa;;
sony;calle 466;56009;maria roa;;
sony;calle 467;56010;maria roa;;
sony;calle 468;56011;maria roa;;
sony;calle 469;56012;maria roa;;
sony;calle 470;56013;maria roa;;
sony;calle 471;56014;maria roa;;
sony;calle 472;56015;maria roa;;
sony;calle 473;56016;maria roa;;
sony;calle 474;56017;maria roa;;
sony;calle 475;56018;maria roa;;
sony;calle 476;56019;maria roa;;
sony;calle 477;56020;maria roa;;
sony;calle 478;56021;maria roa;;
sony;calle 479;56022;maria roa;;
sony;calle 480;56023;maria roa;;
sony;calle 481;56024;maria roa;;
sony;calle 482;56025;maria roa;;
sony;calle 483;56026;maria roa;;
sony;calle 484;56027;maria roa;;
sony;calle 485;56028;maria roa;;
sony;calle 486;56029;maria roa;;
sony;calle 487;56030;maria roa;;
sony;calle 488;56031;maria roa;;
sony;calle 489;56032;maria roa;;
sony;calle 490;56033;maria roa;;
sony;calle 491;56034;maria roa;;
sony;calle 492;56035;maria roa;;
sony;calle 493;56036;maria roa;;
sony;calle 494;56037;maria roa;;
sony;calle 495;56038;maria roa;;
sony;calle 496;56039;maria roa;;
sony;calle 497;56040;maria roa;;
sony;calle 498;56041;maria roa;;
sony;calle 499;56042;maria roa;;
sony;calle 500;56043;maria roa;;
sony;calle 501;56044;maria roa;;
sony;calle 502;56045;maria roa;;
sony;calle 503;56046;maria roa;;
sony;calle 504;56047;maria roa;;
sony;calle 505;56048;maria roa;;
sony;calle 506;56049;maria roa;;
sony;calle 507;56050;maria roa;;
sony;calle 508;56051;maria roa;;
sony;calle 509;56052;maria roa;;
sony;calle 510;56053;maria roa;;
sony;calle 511;56054;maria roa;;
sony;calle 512;56055;maria roa;;
sony;calle 513;56056;maria roa;;
sony;calle 514;56057;maria roa;;
sony;calle 515;56058;maria roa;;
sony;calle 516;56059;maria roa;;
sony;calle 517;56060;maria roa;;
sony;calle 518;56061;maria roa;;
sony;calle 519;56062;maria roa;;
sony;calle 520;56063;maria roa;;
sony;calle 521;56064;maria roa;;
sony;calle 522;56065;maria roa;;
sony;calle 523;56066;maria roa;;
sony;calle 524;56067;maria roa;;
sony;calle 525;56068;maria roa;;
sony;calle 526;56069;maria roa;;
sony;calle 527;56070;maria roa;;
sony;calle 528;56071;maria roa;;
sony;calle 529;56072;maria roa;;
sony;calle 530;56073;maria roa;;
sony;calle 531;56074;maria roa;;
sony;calle 532;56075;maria roa;;
sony;calle 533;56076;maria roa;;
sony;calle 534;56077;maria roa;;
sony;calle 535;56078;maria roa;;
sony;calle 536;56079;maria roa;;
sony;calle 537;56080;maria roa;;
sony;calle 538;56081;maria roa;;
sony;calle 539;56082;maria roa;;
sony;calle 540;56083;maria roa;;
sony;calle 541;56084;maria roa;;
sony;calle 542;56085;maria roa;;
sony;calle 543;56086;maria roa;;
sony;calle 544;56087;maria roa;;
sony;calle 545;56088;maria roa;;
sony;calle 546;56089;maria roa;;
sony;calle 547;56090;maria roa;;
sony;calle 548;56091;maria roa;;
sony;calle 549;56092;maria roa;;
sony;calle 550;56093;maria roa;;
sony;calle 551;56094;maria roa;;
sony;calle 552;56095;maria roa;;
sony;calle 553;56096;maria roa;;
sony;calle 554;56097;maria roa;;
sony;calle 555;56098;maria roa;;
sony;calle 556;56099;maria roa;;
sony;calle 557;56100;maria roa;;
sony;calle 558;56101;maria roa;;
sony;calle 559;56102;maria roa;;
sony;calle 560;56103;maria roa;;
sony;calle 561;56104;maria roa;;
sony;calle 562;56105;maria roa;;
sony;calle 563;56106;maria roa;;
sony;calle 564;56107;maria roa;;
sony;calle 565;56108;maria roa;;
sony;calle 566;56109;maria roa;;
sony;calle 567;56110;maria roa;;
sony;calle 568;56111;maria roa;;
sony;calle 569;56112;maria roa;;
sony;calle 570;56113;maria roa;;
sony;calle 571;56114;maria roa;;
sony;calle 572;56115;maria roa;;
sony;calle 573;56116;maria roa;;
sony;calle 574;56117;maria roa;;
sony;calle 575;56118;maria roa;;
sony;calle 576;56119;maria roa;;
sony;calle 577;56120;maria roa;;
sony;calle 578;56121;maria roa;;
sony;calle 579;56122;maria roa;;
sony;calle 580;56123;maria roa;;
sony;calle 581;56124;maria roa;;
sony;calle 582;56125;maria roa;;
sony;calle 583;56126;maria roa;;
sony;calle 584;56127;maria roa;;
sony;calle 585;56128;maria roa;;
sony;calle 586;56129;maria roa;;
sony;calle 587;56130;maria roa;;
sony;calle 588;56131;maria roa;;
sony;calle 589;56132;maria roa;;
sony;calle 590;56133;maria roa;;
sony;calle 591;56134;maria roa;;
sony;calle 592;56135;maria roa;;
sony;calle 593;56136;maria roa;;
sony;calle 594;56137;maria roa;;
sony;calle 595;56138;maria roa;;
sony;calle 596;56139;maria roa;;
sony;calle 597;56140;maria roa;;
sony;calle 598;56141;maria roa;;
sony;calle 599;56142;maria roa;;
sony;calle 600;56143;maria roa;;
sony;calle 601;56144;maria roa;;
sony;calle 602;56145;maria roa;;
sony;calle 603;56146;maria roa;;
sony;calle 604;56147;maria roa;;
sony;calle 605;56148;maria roa;;
sony;calle 606;56149;maria roa;;
sony;calle 607;56150;maria roa;;
sony;calle 608;56151;maria roa;;
sony;calle 609;56152;maria roa;;
sony;calle 610;56153;maria roa;;
sony;calle 611;56154;maria roa;;
sony;calle 612;56155;maria roa;;
sony;calle 613;56156;maria roa;;
sony;calle 614;56157;maria roa;;
sony;calle 615;56158;maria roa;;
sony;calle 616;56159;maria roa;;
sony;calle 617;56160;maria roa;;
sony;calle 618;56161;maria roa;;
sony;calle 619;56162;maria roa;;
sony;calle 620;56163;maria roa;;
sony;calle 621;56164;maria roa;;
sony;calle 622;56165;maria roa;;
sony;calle 623;56166;maria roa;;
sony;calle 624;56167;maria roa;;
sony;calle 625;56168;maria roa;;
sony;calle 626;56169;maria roa;;
sony;calle 627;56170;maria roa;;
sony;calle 628;56171;maria roa;;
sony;calle 629;56172;maria roa;;
sony;calle 630;56173;maria roa;;
sony;calle 631;56174;maria roa;;
sony;calle 632;56175;maria roa;;
sony;calle 633;56176;maria roa;;
sony;calle 634;56177;maria roa;;
sony;calle 635;56178;maria roa;;
sony;calle 636;56179;maria roa;;
sony;calle 637;56180;maria roa;;
sony;calle 638;56181;maria roa;;
sony;calle 639;56182;maria roa;;
sony;calle 640;56183;maria roa;;
sony;calle 641;56184;maria roa;;
sony;calle 642;56185;maria roa;;
sony;calle 643;56186;maria roa;;
sony;calle 644;56187;maria roa;;
sony;calle 645;56188;maria roa;;
sony;calle 646;56189;maria roa;;
sony;calle 647;56190;maria roa;;
sony;calle 648;56191;maria roa;;
sony;calle 649;56192;maria roa;;
sony;calle 650;56193;maria roa;;
sony;calle 651;56194;maria roa;;
sony;calle 652;56195;maria roa;;
sony;calle 653;56196;maria roa;;
sony;calle 654;56197;maria roa;;
sony;calle 655;56198;maria roa;;
sony;calle 656;56199;maria roa;;
sony;calle 657;56200;maria roa;;
sony;calle 658;56201;maria roa;;
sony;calle 659;56202;maria roa;;
sony;calle 660;56203;maria roa;;
sony;calle 661;56204;maria roa;;
sony;calle 662;56205;maria roa;;
sony;calle 663;56206;maria roa;;
sony;calle 664;56207;maria roa;;
sony;calle 665;56208;maria roa;;
sony;calle 666;56209;maria roa;;
sony;calle 667;56210;maria roa;;
sony;calle 668;56211;maria roa;;
sony;calle 669;56212;maria roa;;
